metric,value
nodes,1559
edges,4076
avg_in_degree,2.6144964720974984
avg_out_degree,2.6144964720974984
avg_betweenness,8.320945698048403e-06
density,0.0016781107009611672
is_connected,False
