{
  "nodes": 1558,
  "edges": 4071,
  "avg_in_degree": 2.6129653401797177,
  "avg_out_degree": 2.6129653401797177,
  "avg_betweenness": 5.2214643875490565e-06,
  "density": 0.001678205099665843,
  "is_connected": false
}